<?xml version="1.0" encoding="UTF-8" ?>
<?xml-stylesheet type="text/xsl" href="impact.xsl" ?>
<document>
<!--The data in this file is primarily intended for consumption by Xilinx tools.
The structure and the elements are likely to change over the next few releases.
This means code written to parse this file will need to be revisited each subsequent release.-->
<application name="impact" timeStamp="Sun Oct  6 18:04:04 2019">
<section name="iMPACT Project Info" visible="true">
<property name="Use Project File" value="No"/>
<property name="Project Entry" value="ise"/>
<property name="OS Name" value="ManjaroLinux"/>
<property name="OS Release" value="Manjaro Linux"/>
<property name="User Lic. Info" value="211718406_0_0_235"/>
</section>
<section name="iMPACT Boundary Scan Mode" visible="true">
<item name="Chain Summary">
<property name="Number of device" value="0"/>
<property name="Number of Xilinx device" value="0"/>
<property name="Number of Non-Xilinx device" value="0"/>
</item>
<item name="Chain Description">
</item>
<item name="Boundary Scan Operations Statistics">
</item>
<item name="Cable Summary">
<property name="Cable Type" value="Nexys3"/>
<property name="Cable Speed" value="1600000"/>
<property name="Port" value="Plugin Cable"/>
<property name="Local_Server_Mode" value="Local"/>
</item>
</section>
</application>
</document>
